{"cameraMode":{"drawMode":0,"name":"Shaded","section":"Shading Mode"},"sceneLighting":true,"audioPlay":false,"sceneViewState":{"showFog":true,"showMaterialUpdate":false,"showSkybox":true,"showFlares":true,"showImageEffects":true,"showParticleSystems":true},"in2DMode":false,"pivot":{"x":7.760164260864258,"y":3.765986442565918,"z":15.38222599029541},"rotation":{"x":-0.21149589121341706,"y":-0.1734105944633484,"z":0.038159750401973727,"w":-0.9611169695854187},"size":20.615455627441408,"orthographic":false}