{"cameraMode":{"drawMode":0,"name":"Shaded","section":"Shading Mode"},"sceneLighting":true,"audioPlay":false,"sceneViewState":{"showFog":true,"showMaterialUpdate":false,"showSkybox":true,"showFlares":true,"showImageEffects":true,"showParticleSystems":true},"in2DMode":false,"pivot":{"x":-44.34339141845703,"y":-11.228192329406739,"z":97.1717529296875},"rotation":{"x":-0.07317744195461273,"y":0.8971565365791321,"z":-0.16242091357707978,"w":-0.40420371294021609},"size":488.21484375,"orthographic":false}