{"cameraMode":{"drawMode":0,"name":"Shaded","section":"Shading Mode"},"sceneLighting":true,"audioPlay":false,"sceneViewState":{"showFog":true,"showMaterialUpdate":false,"showSkybox":true,"showFlares":true,"showImageEffects":true,"showParticleSystems":true},"in2DMode":false,"pivot":{"x":27.685895919799806,"y":1.1241989135742188,"z":21.886816024780275},"rotation":{"x":0.5930755734443665,"y":-0.15754449367523194,"z":0.11972760409116745,"w":0.780462920665741},"size":15.744828224182129,"orthographic":false}