{"cameraMode":{"drawMode":0,"name":"Shaded","section":"Shading Mode"},"sceneLighting":false,"audioPlay":false,"sceneViewState":{"showFog":true,"showMaterialUpdate":false,"showSkybox":false,"showFlares":true,"showImageEffects":true,"showParticleSystems":true},"in2DMode":false,"pivot":{"x":1.5799999237060547,"y":1.6527190208435059,"z":0.9100000262260437},"rotation":{"x":-0.030308598652482034,"y":0.9427851438522339,"z":-0.08935941010713577,"w":-0.3197702467441559},"size":2.099802255630493,"orthographic":true}