{"cameraMode":{"drawMode":0,"name":"Shaded","section":"Shading Mode"},"sceneLighting":true,"audioPlay":false,"sceneViewState":{"showFog":true,"showMaterialUpdate":false,"showSkybox":true,"showFlares":true,"showImageEffects":true,"showParticleSystems":true},"in2DMode":false,"pivot":{"x":27.582691192626954,"y":-0.4958186149597168,"z":25.208919525146486},"rotation":{"x":-0.0466444306075573,"y":-0.9453755617141724,"z":0.28283023834228518,"w":-0.15564271807670594},"size":7.02103328704834,"orthographic":false}