{"cameraMode":{"drawMode":0,"name":"Shaded","section":"Shading Mode"},"sceneLighting":false,"audioPlay":false,"sceneViewState":{"showFog":true,"showMaterialUpdate":false,"showSkybox":false,"showFlares":true,"showImageEffects":true,"showParticleSystems":true},"in2DMode":false,"pivot":{"x":-1.1655207872390748,"y":0.1738734394311905,"z":-0.7682509422302246},"rotation":{"x":-0.030308598652482034,"y":0.9427851438522339,"z":-0.08935941010713577,"w":-0.3197702467441559},"size":0.9067895412445068,"orthographic":true}