{"cameraMode":{"drawMode":0,"name":"Shaded","section":"Shading Mode"},"sceneLighting":false,"audioPlay":false,"sceneViewState":{"showFog":true,"showMaterialUpdate":false,"showSkybox":true,"showFlares":true,"showImageEffects":true,"showParticleSystems":true},"in2DMode":false,"pivot":{"x":13.143058776855469,"y":-2.5685133934020998,"z":7.504245758056641},"rotation":{"x":-0.009558884426951409,"y":0.98975670337677,"z":-0.11905880272388458,"w":-0.08005927503108978},"size":14.504682540893555,"orthographic":false}