{"cameraMode":{"drawMode":0,"name":"Shaded","section":"Shading Mode"},"sceneLighting":false,"audioPlay":false,"sceneViewState":{"showFog":true,"showMaterialUpdate":false,"showSkybox":true,"showFlares":true,"showImageEffects":true,"showParticleSystems":true},"in2DMode":false,"pivot":{"x":13.143058776855469,"y":-2.5685133934020998,"z":7.504245758056641},"rotation":{"x":-0.1833246797323227,"y":0.5139003992080689,"z":-0.11335480213165283,"w":-0.8305179476737976},"size":12.040412902832032,"orthographic":false}