{"cameraMode":{"drawMode":0,"name":"Shaded","section":"Shading Mode"},"sceneLighting":true,"audioPlay":false,"sceneViewState":{"showFog":true,"showMaterialUpdate":false,"showSkybox":true,"showFlares":true,"showImageEffects":true,"showParticleSystems":true},"in2DMode":false,"pivot":{"x":42.3942985534668,"y":-0.5915136337280273,"z":21.381540298461915},"rotation":{"x":0.5930755734443665,"y":-0.15754449367523194,"z":0.11972760409116745,"w":0.780462920665741},"size":17.5009708404541,"orthographic":false}