{"cameraMode":{"drawMode":0,"name":"Shaded","section":"Shading Mode"},"sceneLighting":true,"audioPlay":false,"sceneViewState":{"showFog":true,"showMaterialUpdate":false,"showSkybox":true,"showFlares":true,"showImageEffects":true,"showParticleSystems":true},"in2DMode":false,"pivot":{"x":81.94519805908203,"y":34.794578552246097,"z":81.40663146972656},"rotation":{"x":-0.31644782423973086,"y":-0.583752453327179,"z":0.2640603184700012,"w":-0.6995538473129273},"size":68.20333862304688,"orthographic":false}